11/22/2023 00:00,1.25428,1.2548,1.2539,1.25447,1.9,0.02,
11/21/2023 23:00,1.2533,1.2545,1.2532,1.2543,10,0.08,
11/21/2023 22:00,1.25373,1.2544,1.25166,1.25305,-6.8,-0.05,
11/21/2023 21:00,1.2534,1.254,1.2532,1.25373,3.3,0.03,
11/21/2023 20:00,1.25409,1.2543,1.253,1.25358,-5.1,-0.04,
11/21/2023 19:00,1.25264,1.2541,1.2517,1.25408,14.4,0.11,
11/21/2023 18:00,1.25467,1.2547,1.2521,1.2525,-21.7,-0.17,
11/21/2023 17:00,1.25367,1.25511,1.2531,1.25469,10.2,0.08,
11/21/2023 16:00,1.25368,1.25448,1.2527,1.25374,0.6,0.00,
11/21/2023 15:00,1.25452,1.25539,1.25266,1.25368,-8.4,-0.07,
11/21/2023 14:00,1.25398,1.25525,1.2536,1.25444,4.6,0.04,
11/21/2023 13:00,1.25354,1.25592,1.2532,1.25388,3.4,0.03,
11/21/2023 12:00,1.25292,1.25409,1.25272,1.25353,6.1,0.05,
11/21/2023 11:00,1.25427,1.25458,1.2525,1.2529,-13.7,-0.11,
11/21/2023 10:00,1.25308,1.25536,1.2527,1.25427,11.9,0.09,
11/21/2023 09:00,1.25303,1.25407,1.25237,1.2531,0.7,0.01,
11/21/2023 08:00,1.25239,1.2537,1.2518,1.25308,6.9,0.06,
11/21/2023 07:00,1.25252,1.25376,1.252,1.25239,-1.3,-0.01,
11/21/2023 06:00,1.25252,1.253,1.2522,1.25245,-0.7,-0.01,
11/21/2023 05:00,1.25302,1.25362,1.2524,1.25253,-4.9,-0.04,
11/21/2023 04:00,1.25376,1.254,1.2528,1.25295,-8.1,-0.06,
11/21/2023 03:00,1.25342,1.2539,1.2531,1.25379,3.7,0.03,
11/21/2023 02:00,1.25152,1.25368,1.2511,1.25338,18.6,0.15,
11/21/2023 01:00,1.25107,1.2525,1.2504,1.25161,5.4,0.04,
11/21/2023 00:00,1.25078,1.2518,1.2503,1.25106,2.8,0.02,
11/20/2023 23:00,1.25028,1.2512,1.25009,1.2507,4.2,0.03,
11/20/2023 22:00,1.2504,1.2509,1.24895,1.25019,-2.1,-0.02,
11/20/2023 21:00,1.25063,1.2508,1.2502,1.25043,-2.0,-0.02,
11/20/2023 20:00,1.2508,1.2514,1.2505,1.25062,-1.8,-0.01,
11/20/2023 19:00,1.25062,1.25113,1.2501,1.25099,3.7,0.03,
11/20/2023 18:00,1.25001,1.25175,1.2498,1.2505,4.9,0.04,
11/20/2023 17:00,1.25042,1.25175,1.2493,1.24999,-4.3,-0.03,
11/20/2023 16:00,1.24922,1.25044,1.2489,1.2502,9.8,0.08,
11/20/2023 15:00,1.24934,1.24946,1.24729,1.24926,-0.8,-0.01,
11/20/2023 14:00,1.24729,1.2493,1.2461,1.24928,19.9,0.16,
11/20/2023 13:00,1.24716,1.24783,1.2466,1.2473,1.4,0.01,
11/20/2023 12:00,1.247,1.2478,1.24639,1.2472,2,0.02,
11/20/2023 11:00,1.24712,1.24723,1.246,1.2471,-0.2,0.00,
11/20/2023 10:00,1.251,1.251,1.2466,1.24703,-39.7,-0.32,
11/20/2023 09:00,1.24809,1.2505,1.2479,1.25042,23.3,0.19,
11/20/2023 08:00,1.24746,1.24946,1.2471,1.24809,6.3,0.05,
11/20/2023 07:00,1.24764,1.24845,1.2469,1.24748,-1.6,-0.01,
11/20/2023 06:00,1.24794,1.2483,1.2474,1.24752,-4.2,-0.03,
11/20/2023 05:00,1.24845,1.2489,1.2478,1.24799,-4.6,-0.04,
11/20/2023 04:00,1.24838,1.2495,1.2483,1.24844,0.6,0.00,
11/20/2023 03:00,1.2484,1.2486,1.2473,1.2484,0,0.00,
11/20/2023 02:00,1.24674,1.2485,1.2465,1.24826,15.2,0.12,
11/20/2023 01:00,1.24499,1.247,1.2449,1.24673,17.4,0.14,
11/20/2023 00:00,1.24526,1.24553,1.2445,1.24499,-2.7,-0.02,
11/19/2023 23:00,1.24561,1.2462,1.24516,1.24534,-2.7,-0.02,
11/19/2023 22:00,1.24487,1.24566,1.24457,1.24566,7.9,0.06,
11/17/2023 22:00,1.2448,1.2459,1.2448,1.2456,8,0.06,
11/17/2023 21:00,1.24599,1.2466,1.2457,1.2463,3.1,0.02,
11/17/2023 20:00,1.24481,1.24614,1.2445,1.246,11.9,0.10,
11/17/2023 19:00,1.24559,1.2457,1.2444,1.2448,-7.9,-0.06,
11/17/2023 18:00,1.24353,1.2458,1.2431,1.24554,20.1,0.16,
11/17/2023 17:00,1.24276,1.2437,1.2425,1.24345,6.9,0.06,
11/17/2023 16:00,1.24341,1.24372,1.2416,1.24276,-6.5,-0.05,
11/17/2023 15:00,1.24183,1.2435,1.2412,1.24341,15.8,0.13,
11/17/2023 14:00,1.24211,1.24344,1.24042,1.24182,-2.9,-0.02,
11/17/2023 13:00,1.24283,1.244,1.2413,1.24213,-7.0,-0.06,
11/17/2023 12:00,1.2429,1.2441,1.242,1.24276,-1.4,-0.01,
11/17/2023 11:00,1.24305,1.24375,1.2419,1.2429,-1.5,-0.01,
11/17/2023 10:00,1.2409,1.24375,1.2407,1.24311,22.1,0.18,
11/17/2023 09:00,1.23812,1.24152,1.23776,1.24098,28.6,0.23,
11/17/2023 08:00,1.2385,1.23965,1.2378,1.23842,-0.8,-0.01,
11/17/2023 07:00,1.24113,1.24113,1.2373,1.23843,-27.0,-0.22,
11/17/2023 06:00,1.24138,1.24182,1.2411,1.24112,-2.6,-0.02,
11/17/2023 05:00,1.24056,1.2415,1.2403,1.24132,7.6,0.06,
11/17/2023 04:00,1.24063,1.2411,1.2404,1.24047,-1.6,-0.01,
11/17/2023 03:00,1.24093,1.2412,1.2404,1.24064,-2.9,-0.02,
11/17/2023 02:00,1.24127,1.2416,1.2402,1.24092,-3.5,-0.03,
11/17/2023 01:00,1.2417,1.2422,1.241,1.24122,-4.8,-0.04,
11/17/2023 00:00,1.24129,1.24182,1.2407,1.24171,4.2,0.03,
11/16/2023 23:00,1.24152,1.2416,1.24113,1.24139,-1.3,-0.01,
11/16/2023 22:00,1.24133,1.2421,1.24018,1.24148,1.5,0.01,
11/16/2023 21:00,1.24081,1.2416,1.2407,1.24138,5.7,0.05,
11/16/2023 20:00,1.24172,1.24183,1.2404,1.24078,-9.4,-0.08,
11/16/2023 19:00,1.242,1.2423,1.2413,1.24175,-2.5,-0.02,
11/16/2023 18:00,1.2425,1.2432,1.2417,1.2418,-7,-0.06,
11/16/2023 17:00,1.24208,1.243,1.2418,1.2423,2.2,0.02,
11/16/2023 16:00,1.24406,1.24491,1.2413,1.24205,-20.1,-0.16,
11/16/2023 15:00,1.24324,1.24559,1.2429,1.24407,8.3,0.07,
11/16/2023 14:00,1.24412,1.24412,1.24098,1.24323,-8.9,-0.07,
11/16/2023 13:00,1.23886,1.244,1.2385,1.24385,49.9,0.40,
11/16/2023 12:00,1.24044,1.24052,1.2381,1.23887,-15.7,-0.13,
11/16/2023 11:00,1.24062,1.24111,1.2393,1.24018,-4.4,-0.04,
11/16/2023 10:00,1.24005,1.2407,1.23909,1.24058,5.3,0.04,
11/16/2023 09:00,1.2397,1.24134,1.2393,1.24024,5.4,0.04,
11/16/2023 08:00,1.23796,1.23992,1.2375,1.23962,16.6,0.13,
11/16/2023 07:00,1.23966,1.23985,1.23759,1.23796,-17.0,-0.14,
11/16/2023 06:00,1.23948,1.2399,1.239,1.23974,2.6,0.02,
11/16/2023 05:00,1.23924,1.2396,1.2389,1.23945,2.1,0.02,
11/16/2023 04:00,1.2387,1.2395,1.2386,1.2393,6,0.05,
11/16/2023 03:00,1.23821,1.2391,1.2381,1.2387,4.9,0.04,
11/16/2023 02:00,1.24021,1.2404,1.2379,1.23823,-19.8,-0.16,
11/16/2023 01:00,1.24178,1.24191,1.2399,1.24039,-13.9,-0.11,
11/16/2023 00:00,1.24208,1.2424,1.2412,1.24176,-3.2,-0.03,
11/15/2023 23:00,1.24166,1.2421,1.24119,1.24198,3.2,0.03,
11/15/2023 22:00,1.24152,1.2423,1.24061,1.2417,1.8,0.01,
11/15/2023 21:00,1.24093,1.2417,1.2407,1.2416,6.7,0.05,
11/15/2023 20:00,1.24179,1.2419,1.2405,1.24094,-8.5,-0.07,
11/15/2023 19:00,1.24159,1.242,1.2411,1.2418,2.1,0.02,
11/15/2023 18:00,1.24228,1.2423,1.2409,1.24159,-6.9,-0.06,
11/15/2023 17:00,1.243,1.2432,1.2415,1.24229,-7.1,-0.06,
11/15/2023 16:00,1.2442,1.24542,1.2425,1.24299,-12.1,-0.10,
11/15/2023 15:00,1.2409,1.24443,1.2402,1.24434,34.4,0.28,
11/15/2023 14:00,1.24429,1.24472,1.2403,1.2409,-33.9,-0.27,
11/15/2023 13:00,1.24621,1.24805,1.2424,1.24426,-19.5,-0.16,
11/15/2023 12:00,1.2472,1.2475,1.2454,1.24622,-9.8,-0.08,
11/15/2023 11:00,1.24624,1.2475,1.2457,1.24719,9.5,0.08,
11/15/2023 10:00,1.24626,1.2472,1.2455,1.24624,-0.2,0.00,
11/15/2023 09:00,1.24643,1.24667,1.24529,1.24628,-1.5,-0.01,
11/15/2023 08:00,1.24696,1.24764,1.2457,1.2462,-7.6,-0.06,
11/15/2023 07:00,1.24883,1.24939,1.2462,1.2468,-20.3,-0.16,
11/15/2023 06:00,1.24885,1.2494,1.24798,1.24865,-2.0,-0.02,
11/15/2023 05:00,1.24902,1.24932,1.2487,1.24898,-0.4,0.00,
11/15/2023 04:00,1.24923,1.2496,1.2489,1.24913,-1.0,-0.01,
11/15/2023 03:00,1.2489,1.2496,1.2486,1.24937,4.7,0.04,
11/15/2023 02:00,1.24838,1.2491,1.2479,1.24889,5.1,0.04,
11/15/2023 01:00,1.24832,1.2489,1.24788,1.24837,0.5,0.00,
11/15/2023 00:00,1.24924,1.2494,1.2477,1.24832,-9.2,-0.07,
11/14/2023 23:00,1.2491,1.2502,1.2488,1.24923,1.3,0.01,
11/14/2023 22:00,1.24982,1.25,1.2486,1.24884,-9.8,-0.08,
11/14/2023 21:00,1.25009,1.2502,1.2493,1.24982,-2.7,-0.02,
11/14/2023 20:00,1.24992,1.2506,1.2494,1.25011,1.9,0.02,
11/14/2023 19:00,1.24862,1.25,1.2482,1.24991,12.9,0.10,
11/14/2023 18:00,1.24924,1.2494,1.2484,1.24862,-6.2,-0.05,
11/14/2023 17:00,1.24812,1.24917,1.2472,1.24913,10.1,0.08,
11/14/2023 16:00,1.24563,1.2489,1.2454,1.24808,24.5,0.20,
11/14/2023 15:00,1.24587,1.24747,1.2443,1.24566,-2.1,-0.02,
11/14/2023 14:00,1.24009,1.24624,1.23997,1.2459,58.1,0.47,
11/14/2023 13:00,1.22937,1.24071,1.22742,1.24012,107.5,0.87,
11/14/2023 12:00,1.22803,1.22986,1.2278,1.22935,13.2,0.11,
11/14/2023 11:00,1.22892,1.22919,1.2275,1.22804,-8.8,-0.07,
11/14/2023 10:00,1.23021,1.23075,1.2284,1.22893,-12.8,-0.10,
11/14/2023 09:00,1.22816,1.23034,1.2279,1.23003,18.7,0.15,
11/14/2023 08:00,1.22951,1.22971,1.2276,1.2282,-13.1,-0.11,
11/14/2023 07:00,1.22766,1.23007,1.22752,1.2295,18.4,0.15,
11/14/2023 06:00,1.2268,1.2278,1.2266,1.22757,7.7,0.06,
11/14/2023 05:00,1.22703,1.2272,1.2264,1.22681,-2.2,-0.02,
11/14/2023 04:00,1.22704,1.2275,1.2268,1.22704,0.0,0.00,
11/14/2023 03:00,1.22722,1.2274,1.2267,1.22698,-2.4,-0.02,
11/14/2023 02:00,1.22726,1.2276,1.2269,1.22721,-0.5,0.00,
11/14/2023 01:00,1.22732,1.2277,1.2268,1.22721,-1.1,-0.01,
11/14/2023 00:00,1.22797,1.228,1.227,1.22721,-7.6,-0.06,
11/13/2023 23:00,1.22745,1.2281,1.22717,1.2278,3.5,0.03,
11/13/2023 22:00,1.2278,1.2279,1.2258,1.22743,-3.7,-0.03,
11/13/2023 21:00,1.22766,1.2281,1.2274,1.22786,2.0,0.02,
11/13/2023 20:00,1.22777,1.2281,1.2272,1.22769,-0.8,-0.01,
11/13/2023 19:00,1.22719,1.228,1.2268,1.22778,5.9,0.05,
11/13/2023 18:00,1.22681,1.2276,1.2261,1.2272,3.9,0.03,
11/13/2023 17:00,1.22661,1.2277,1.2261,1.22681,2.0,0.02,
11/13/2023 16:00,1.22527,1.22714,1.2246,1.22662,13.5,0.11,
11/13/2023 15:00,1.2239,1.22582,1.2237,1.22525,13.5,0.11,
11/13/2023 14:00,1.22468,1.22492,1.2228,1.22389,-7.9,-0.06,
11/13/2023 13:00,1.22417,1.2256,1.2233,1.22466,4.9,0.04,
11/13/2023 12:00,1.22499,1.22505,1.2234,1.2241,-8.9,-0.07,
11/13/2023 11:00,1.22505,1.22553,1.2244,1.22501,-0.4,0.00,
11/13/2023 10:00,1.22436,1.2256,1.2235,1.22504,6.8,0.06,
11/13/2023 09:00,1.22406,1.22532,1.2236,1.22436,3.0,0.02,
11/13/2023 08:00,1.22369,1.22424,1.2229,1.22406,3.7,0.03,
11/13/2023 07:00,1.22383,1.2245,1.2231,1.22366,-1.7,-0.01,
11/13/2023 06:00,1.22289,1.224,1.2226,1.22375,8.6,0.07,
11/13/2023 05:00,1.22271,1.2232,1.2225,1.22288,1.7,0.01,
11/13/2023 04:00,1.22264,1.2234,1.2225,1.22272,0.8,0.01,
11/13/2023 03:00,1.22297,1.2231,1.2221,1.22265,-3.2,-0.03,
11/13/2023 02:00,1.22347,1.2236,1.2228,1.22298,-4.9,-0.04,
11/13/2023 01:00,1.22273,1.2236,1.2223,1.22346,7.3,0.06,
11/13/2023 00:00,1.22287,1.22317,1.2222,1.22272,-1.5,-0.01,
11/12/2023 23:00,1.22265,1.22315,1.22255,1.22293,2.8,0.02,
11/12/2023 22:00,1.22175,1.22295,1.22175,1.22265,9.0,0.07,
11/10/2023 22:00,1.2222,1.2222,1.2206,1.2222,0,0.00,
11/10/2023 21:00,1.22255,1.2229,1.21966,1.2225,-0.5,0.00,
11/10/2023 20:00,1.22177,1.2229,1.2213,1.22258,8.1,0.07,
11/10/2023 19:00,1.2222,1.22312,1.2214,1.22177,-4.3,-0.04,
11/10/2023 18:00,1.22168,1.2228,1.2211,1.22221,5.3,0.04,
11/10/2023 17:00,1.22039,1.2219,1.2197,1.2217,13.1,0.11,
11/10/2023 16:00,1.21965,1.221,1.2192,1.22042,7.7,0.06,
11/10/2023 15:00,1.22004,1.22102,1.2185,1.21963,-4.1,-0.03,
11/10/2023 14:00,1.2224,1.22245,1.2197,1.2202,-22,-0.18,
11/10/2023 13:00,1.22203,1.22272,1.2205,1.22231,2.8,0.02,
11/10/2023 12:00,1.22072,1.2224,1.2198,1.22204,13.2,0.11,
11/10/2023 11:00,1.22278,1.2231,1.22,1.22072,-20.6,-0.17,
11/10/2023 10:00,1.22172,1.223,1.2208,1.22287,11.5,0.09,
11/10/2023 09:00,1.22204,1.2226,1.2205,1.22175,-2.9,-0.02,
11/10/2023 08:00,1.22274,1.22353,1.2215,1.22202,-7.2,-0.06,
11/10/2023 07:00,1.22252,1.2238,1.2215,1.22273,2.1,0.02,
11/10/2023 06:00,1.22252,1.2231,1.2222,1.2225,-0.2,0.00,
11/10/2023 05:00,1.22271,1.223,1.2222,1.22252,-1.9,-0.02,
11/10/2023 04:00,1.22208,1.2227,1.2218,1.22264,5.6,0.05,
11/10/2023 03:00,1.22224,1.2227,1.2217,1.22207,-1.7,-0.01,
11/10/2023 02:00,1.22241,1.22267,1.222,1.22225,-1.6,-0.01,
11/10/2023 01:00,1.22207,1.2228,1.2217,1.22233,2.6,0.02,
11/10/2023 00:00,1.22155,1.2224,1.22099,1.22199,4.4,0.04,
11/09/2023 23:00,1.22223,1.2227,1.2213,1.22141,-8.2,-0.07,
11/09/2023 22:00,1.22207,1.2229,1.2199,1.22233,2.6,0.02,
11/09/2023 21:00,1.22177,1.22243,1.2215,1.22222,4.5,0.04,
11/09/2023 20:00,1.222,1.223,1.2215,1.22176,-2.4,-0.02,
11/09/2023 19:00,1.22567,1.22576,1.2211,1.222,-36.7,-0.30,
11/09/2023 18:00,1.2266,1.22685,1.223,1.2257,-9,-0.07,
11/09/2023 17:00,1.22771,1.228,1.2262,1.22661,-11.0,-0.09,
11/09/2023 16:00,1.22868,1.22892,1.2268,1.22766,-10.2,-0.08,
11/09/2023 15:00,1.22893,1.2295,1.2278,1.22859,-3.4,-0.03,
11/09/2023 14:00,1.2272,1.22932,1.2263,1.22892,17.2,0.14,
11/09/2023 13:00,1.22618,1.2277,1.225,1.22718,10.0,0.08,
11/09/2023 12:00,1.22614,1.2267,1.2255,1.22618,0.4,0.00,
11/09/2023 11:00,1.22732,1.22772,1.2252,1.22613,-11.9,-0.10,
11/09/2023 10:00,1.22998,1.2305,1.22717,1.22739,-25.9,-0.21,
11/09/2023 09:00,1.22942,1.2309,1.2288,1.23002,6.0,0.05,
11/09/2023 08:00,1.22819,1.22954,1.2267,1.22947,12.8,0.10,
11/09/2023 07:00,1.22868,1.2288,1.2276,1.22821,-4.7,-0.04,
11/09/2023 06:00,1.22777,1.229,1.2274,1.22862,8.5,0.07,
11/09/2023 05:00,1.22838,1.2288,1.2276,1.22774,-6.4,-0.05,
11/09/2023 04:00,1.228,1.2288,1.2279,1.22841,4.1,0.03,
11/09/2023 03:00,1.22828,1.2285,1.2277,1.22811,-1.7,-0.01,
11/09/2023 02:00,1.22873,1.2294,1.2279,1.22823,-5.0,-0.04,
11/09/2023 01:00,1.2278,1.2293,1.2276,1.22874,9.4,0.08,
11/09/2023 00:00,1.22835,1.2286,1.22723,1.22781,-5.4,-0.04,
11/08/2023 23:00,1.22835,1.2286,1.2279,1.22826,-0.9,-0.01,
11/08/2023 22:00,1.22803,1.2296,1.2272,1.22833,3.0,0.02,
11/08/2023 21:00,1.2288,1.229,1.22798,1.22803,-7.7,-0.06,
11/08/2023 20:00,1.22833,1.229,1.2279,1.22882,4.9,0.04,
11/08/2023 19:00,1.2294,1.2299,1.2282,1.22842,-9.8,-0.08,
11/08/2023 18:00,1.22919,1.23016,1.2288,1.2294,2.1,0.02,
11/08/2023 17:00,1.22989,1.23,1.228,1.22922,-6.7,-0.05,
11/08/2023 16:00,1.22864,1.23012,1.2285,1.22981,11.7,0.10,
11/08/2023 15:00,1.2281,1.2289,1.2265,1.2285,4,0.03,
11/08/2023 14:00,1.22639,1.22862,1.226,1.22802,16.3,0.13,
11/08/2023 13:00,1.22543,1.22668,1.2249,1.2264,9.7,0.08,
11/08/2023 12:00,1.22676,1.2269,1.2249,1.22544,-13.2,-0.11,
11/08/2023 11:00,1.2256,1.2269,1.2254,1.22677,11.7,0.10,
11/08/2023 10:00,1.2248,1.2258,1.2241,1.22561,8.1,0.07,
11/08/2023 09:00,1.22607,1.22612,1.2239,1.2246,-14.7,-0.12,
11/08/2023 08:00,1.22722,1.22765,1.2258,1.226,-12.2,-0.10,
11/08/2023 07:00,1.22728,1.22776,1.2263,1.22724,-0.4,0.00,
11/08/2023 06:00,1.22742,1.2279,1.227,1.22726,-1.6,-0.01,
11/08/2023 05:00,1.22822,1.2285,1.2273,1.22744,-7.8,-0.06,
11/08/2023 04:00,1.22797,1.2284,1.2277,1.2282,2.3,0.02,
11/08/2023 03:00,1.22888,1.2292,1.2277,1.22796,-9.2,-0.07,
11/08/2023 02:00,1.22843,1.2296,1.2281,1.22887,4.4,0.04,
11/08/2023 01:00,1.22852,1.229,1.2276,1.22842,-1.0,-0.01,
11/08/2023 00:00,1.22896,1.2294,1.2284,1.22853,-4.3,-0.04,
11/07/2023 23:00,1.23004,1.2302,1.2288,1.22909,-9.5,-0.08,
11/07/2023 22:00,1.22985,1.2305,1.22857,1.23,1.5,0.01,
11/07/2023 21:00,1.22929,1.2301,1.229,1.22995,6.6,0.05,
11/07/2023 20:00,1.22956,1.2301,1.2285,1.22928,-2.8,-0.02,
11/07/2023 19:00,1.22987,1.2307,1.2293,1.22957,-3.0,-0.02,
11/07/2023 18:00,1.22714,1.23,1.2267,1.22985,27.1,0.22,
11/07/2023 17:00,1.2293,1.2295,1.226,1.22716,-21.4,-0.17,
11/07/2023 16:00,1.22983,1.2312,1.2291,1.22927,-5.6,-0.05,
11/07/2023 15:00,1.22976,1.23111,1.2289,1.22977,0.1,0.00,
11/07/2023 14:00,1.23007,1.2303,1.2281,1.22977,-3.0,-0.02,
11/07/2023 13:00,1.22957,1.23073,1.2292,1.23005,4.8,0.04,
11/07/2023 12:00,1.2286,1.2302,1.2286,1.2293,7,0.06,
11/07/2023 11:00,1.22953,1.22985,1.2274,1.22883,-7.0,-0.06,
11/07/2023 10:00,1.23031,1.2314,1.2289,1.22958,-7.3,-0.06,
11/07/2023 09:00,1.2326,1.2328,1.2299,1.23026,-23.4,-0.19,
11/07/2023 08:00,1.2315,1.23321,1.2312,1.23266,11.6,0.09,
11/07/2023 07:00,1.23184,1.2321,1.2309,1.23149,-3.5,-0.03,
11/07/2023 06:00,1.23324,1.2337,1.2318,1.23187,-13.7,-0.11,
11/07/2023 05:00,1.23277,1.2334,1.2325,1.23331,5.4,0.04,
11/07/2023 04:00,1.23333,1.23362,1.2326,1.23282,-5.1,-0.04,
11/07/2023 03:00,1.234,1.2342,1.2331,1.23332,-6.8,-0.06,
11/07/2023 02:00,1.23375,1.2341,1.2332,1.23389,1.4,0.01,
11/07/2023 01:00,1.23378,1.2342,1.2332,1.2336,-1.8,-0.01,
11/07/2023 00:00,1.23427,1.2347,1.2336,1.23379,-4.8,-0.04,
11/06/2023 23:00,1.23452,1.2349,1.2341,1.23438,-1.4,-0.01,
11/06/2023 22:00,1.23418,1.2352,1.2336,1.23451,3.3,0.03,
11/06/2023 21:00,1.2343,1.2345,1.2336,1.23418,-1.2,-0.01,
11/06/2023 20:00,1.23509,1.2352,1.234,1.23427,-8.2,-0.07,
11/06/2023 19:00,1.23677,1.237,1.2349,1.23514,-16.3,-0.13,
11/06/2023 18:00,1.23709,1.2374,1.2362,1.2368,-2.9,-0.02,
11/06/2023 17:00,1.23891,1.239,1.2368,1.23703,-18.8,-0.15,
11/06/2023 16:00,1.23898,1.2398,1.2385,1.239,0.2,0.00,
11/06/2023 15:00,1.23912,1.23936,1.237,1.239,-1.2,-0.01,
11/06/2023 14:00,1.23851,1.24007,1.2383,1.2391,5.9,0.05,
11/06/2023 13:00,1.23916,1.24,1.238,1.23848,-6.8,-0.05,
11/06/2023 12:00,1.24237,1.2429,1.239,1.23915,-32.2,-0.26,
11/06/2023 11:00,1.24147,1.2427,1.2412,1.24238,9.1,0.07,
11/06/2023 10:00,1.23983,1.242,1.2397,1.24141,15.8,0.13,
11/06/2023 09:00,1.24115,1.2424,1.2396,1.23982,-13.3,-0.11,
11/06/2023 08:00,1.23822,1.2414,1.2375,1.24116,29.4,0.24,
11/06/2023 07:00,1.2384,1.23963,1.2379,1.23818,-2.2,-0.02,
11/06/2023 06:00,1.2377,1.2388,1.2376,1.2386,9,0.07,
11/06/2023 05:00,1.23721,1.238,1.2369,1.23771,5.0,0.04,
11/06/2023 04:00,1.23742,1.2382,1.2372,1.2373,-1.2,-0.01,
11/06/2023 03:00,1.23729,1.2376,1.2369,1.23743,1.4,0.01,
11/06/2023 02:00,1.23684,1.2376,1.2368,1.2373,4.6,0.04,
11/06/2023 01:00,1.23675,1.2376,1.23638,1.23683,0.8,0.01,
11/06/2023 00:00,1.23715,1.2374,1.2365,1.23673,-4.2,-0.03,
11/05/2023 23:00,1.23704,1.23769,1.23668,1.23729,2.5,0.02,
11/05/2023 22:00,1.23691,1.23747,1.23675,1.23676,-1.5,-0.01,
11/03/2023 21:00,1.23736,1.2377,1.2362,1.2374,0.4,0.00,
11/03/2023 20:00,1.23731,1.2383,1.2371,1.23809,7.8,0.06,
11/03/2023 19:00,1.23807,1.2382,1.237,1.23729,-7.8,-0.06,
11/03/2023 18:00,1.2384,1.2387,1.2375,1.23791,-4.9,-0.04,
11/03/2023 17:00,1.23821,1.239,1.2375,1.23841,2.0,0.02,
11/03/2023 16:00,1.23711,1.2387,1.2357,1.23824,11.3,0.09,
11/03/2023 15:00,1.23423,1.23747,1.234,1.23712,28.9,0.23,
11/03/2023 14:00,1.23361,1.23503,1.231,1.23417,5.6,0.05,
11/03/2023 13:00,1.23126,1.234,1.2297,1.23304,17.8,0.14,
11/03/2023 12:00,1.22264,1.23172,1.22242,1.23128,86.4,0.70,
11/03/2023 11:00,1.22217,1.2231,1.2217,1.22262,4.5,0.04,
11/03/2023 10:00,1.22146,1.2225,1.221,1.22228,8.2,0.07,
11/03/2023 09:00,1.21938,1.2215,1.2189,1.22148,21.0,0.17,
11/03/2023 08:00,1.21992,1.22,1.2185,1.21936,-5.6,-0.05,
11/03/2023 07:00,1.2205,1.2214,1.2196,1.21995,-5.5,-0.05,
11/03/2023 06:00,1.22083,1.2209,1.2201,1.22048,-3.5,-0.03,
11/03/2023 05:00,1.21999,1.22083,1.2198,1.22071,7.2,0.06,
11/03/2023 04:00,1.21994,1.2204,1.2196,1.22001,0.7,0.01,
11/03/2023 03:00,1.22011,1.2204,1.2197,1.2199,-2.1,-0.02,
11/03/2023 02:00,1.21906,1.2203,1.2189,1.22014,10.8,0.09,
11/03/2023 01:00,1.21881,1.2195,1.2183,1.21906,2.5,0.02,
11/03/2023 00:00,1.21886,1.2195,1.2183,1.21886,0.0,0.00,
11/02/2023 23:00,1.21966,1.2198,1.2188,1.21887,-7.9,-0.06,
11/02/2023 22:00,1.22007,1.2205,1.21944,1.21973,-3.4,-0.03,
11/02/2023 21:00,1.22019,1.22078,1.21838,1.2201,-0.9,-0.01,
11/02/2023 20:00,1.22078,1.2209,1.2198,1.22019,-5.9,-0.05,
11/02/2023 19:00,1.22046,1.22092,1.2199,1.22078,3.2,0.03,
11/02/2023 18:00,1.22008,1.22082,1.2197,1.22048,4.0,0.03,
11/02/2023 17:00,1.21784,1.22015,1.21768,1.22008,22.4,0.18,
11/02/2023 16:00,1.21723,1.21854,1.2167,1.21783,6.0,0.05,
11/02/2023 15:00,1.21825,1.21895,1.2167,1.21729,-9.6,-0.08,
11/02/2023 14:00,1.2198,1.22009,1.217,1.21825,-15.5,-0.13,
11/02/2023 13:00,1.22153,1.2225,1.21848,1.21985,-16.8,-0.14,
11/02/2023 12:00,1.21945,1.2226,1.21917,1.22153,20.8,0.17,
11/02/2023 11:00,1.2191,1.21994,1.2188,1.21931,2.1,0.02,
11/02/2023 10:00,1.21856,1.21972,1.2179,1.21911,5.5,0.05,
11/02/2023 09:00,1.2164,1.21902,1.2156,1.21857,21.7,0.18,
11/02/2023 08:00,1.21695,1.21746,1.2154,1.21634,-6.1,-0.05,
11/02/2023 07:00,1.21791,1.21818,1.2163,1.21695,-9.6,-0.08,
11/02/2023 06:00,1.21819,1.21835,1.2173,1.21809,-1.0,-0.01,
11/02/2023 05:00,1.21772,1.2185,1.2176,1.2182,4.8,0.04,
11/02/2023 04:00,1.21913,1.2192,1.2176,1.2177,-14.3,-0.12,
11/02/2023 03:00,1.21905,1.2194,1.2186,1.21913,0.8,0.01,
11/02/2023 02:00,1.21909,1.2195,1.2186,1.219,-0.9,-0.01,
11/02/2023 01:00,1.21931,1.2197,1.2188,1.21906,-2.5,-0.02,
11/02/2023 00:00,1.21804,1.21935,1.21781,1.21931,12.7,0.10,
11/01/2023 23:00,1.2166,1.218,1.21611,1.218,14,0.11,
11/01/2023 22:00,1.2152,1.217,1.21497,1.2166,14,0.12,
11/01/2023 21:00,1.21497,1.21534,1.21339,1.2152,2.3,0.02,
11/01/2023 20:00,1.21476,1.2152,1.2141,1.21499,2.3,0.02,
11/01/2023 19:00,1.21296,1.21563,1.21271,1.21476,18.0,0.15,
11/01/2023 18:00,1.21111,1.21436,1.20961,1.21295,18.4,0.15,
11/01/2023 17:00,1.21211,1.21221,1.21077,1.21124,-8.7,-0.07,
11/01/2023 16:00,1.21258,1.2129,1.2115,1.21217,-4.1,-0.03,
11/01/2023 15:00,1.21457,1.21569,1.2123,1.2126,-19.7,-0.16,
11/01/2023 14:00,1.21079,1.2165,1.21079,1.21456,37.7,0.31,
11/01/2023 13:00,1.21218,1.2123,1.2094,1.21066,-15.2,-0.13,
11/01/2023 12:00,1.21257,1.2144,1.21187,1.21222,-3.5,-0.03,
11/01/2023 11:00,1.21383,1.2144,1.2122,1.21254,-12.9,-0.11,
11/01/2023 10:00,1.21389,1.2145,1.2131,1.21385,-0.4,0.00,
11/01/2023 09:00,1.21437,1.2155,1.2131,1.21392,-4.5,-0.04,
11/01/2023 08:00,1.21521,1.2161,1.214,1.2144,-8.1,-0.07,
11/01/2023 07:00,1.21464,1.2161,1.2143,1.21521,5.7,0.05,
11/01/2023 06:00,1.21355,1.2149,1.2135,1.21456,10.1,0.08,
11/01/2023 05:00,1.21366,1.21375,1.213,1.21346,-2.0,-0.02,
11/01/2023 04:00,1.21442,1.2145,1.2135,1.21367,-7.5,-0.06,
11/01/2023 03:00,1.214,1.2149,1.2139,1.21444,4.4,0.04,
11/01/2023 02:00,1.21353,1.2146,1.2134,1.214,4.7,0.04,
11/01/2023 01:00,1.21379,1.2143,1.21333,1.21362,-1.7,-0.01,
11/01/2023 00:00,1.21499,1.2152,1.21308,1.21378,-12.1,-0.10,
10/31/2023 23:00,1.215,1.2153,1.21437,1.21491,-0.9,-0.01,
10/31/2023 22:00,1.215,1.2155,1.21451,1.2151,1,0.01,
10/31/2023 21:00,1.21536,1.21546,1.21372,1.21472,-6.4,-0.05,
10/31/2023 20:00,1.21528,1.21541,1.214,1.21536,0.8,0.01,
10/31/2023 19:00,1.21498,1.2156,1.21469,1.21524,2.6,0.02,
10/31/2023 18:00,1.21479,1.21524,1.2139,1.21499,2.0,0.02,
10/31/2023 17:00,1.21338,1.2152,1.2132,1.21478,14.0,0.12,
10/31/2023 16:00,1.21325,1.21402,1.2122,1.2134,1.5,0.01,
10/31/2023 15:00,1.21373,1.2143,1.2118,1.21334,-3.9,-0.03,
10/31/2023 14:00,1.21376,1.2156,1.2125,1.2137,-0.6,0.00,
10/31/2023 13:00,1.2159,1.21592,1.2132,1.21362,-22.8,-0.19,
10/31/2023 12:00,1.21792,1.2186,1.2155,1.21587,-20.5,-0.17,
10/31/2023 11:00,1.21974,1.22008,1.2174,1.21797,-17.7,-0.15,
10/31/2023 10:00,1.21902,1.21983,1.21829,1.21966,6.4,0.05,
10/31/2023 09:00,1.21723,1.21943,1.2167,1.21925,20.2,0.17,
10/31/2023 08:00,1.2156,1.2174,1.2145,1.21723,16.3,0.13,
10/31/2023 07:00,1.21488,1.21613,1.214,1.21562,7.4,0.06,
10/31/2023 06:00,1.21482,1.2153,1.2141,1.21492,1.0,0.01,
10/31/2023 05:00,1.21395,1.2148,1.21379,1.21466,7.1,0.06,
10/31/2023 04:00,1.21438,1.2149,1.2137,1.214,-3.8,-0.03,
10/31/2023 03:00,1.2147,1.21483,1.21357,1.21434,-3.6,-0.03,
10/31/2023 02:00,1.21556,1.2157,1.2146,1.21469,-8.7,-0.07,
10/31/2023 01:00,1.21587,1.216,1.2147,1.21549,-3.8,-0.03,
10/31/2023 00:00,1.21634,1.2164,1.2155,1.21586,-4.8,-0.04,
10/30/2023 23:00,1.2165,1.21673,1.21597,1.21621,-2.9,-0.02,
10/30/2023 22:00,1.2165,1.2169,1.21579,1.2165,0,0.00,
10/30/2023 21:00,1.21672,1.21703,1.21498,1.2167,-0.2,0.00,
10/30/2023 20:00,1.21728,1.2173,1.2166,1.2168,-4.8,-0.04,
10/30/2023 19:00,1.2161,1.21741,1.2161,1.21728,11.8,0.10,
10/30/2023 18:00,1.21545,1.21662,1.2152,1.21617,7.2,0.06,
10/30/2023 17:00,1.2149,1.2157,1.2141,1.21545,5.5,0.05,
10/30/2023 16:00,1.21555,1.21566,1.214,1.21492,-6.3,-0.05,
10/30/2023 15:00,1.21401,1.2165,1.21395,1.21557,15.6,0.13,
10/30/2023 14:00,1.21379,1.2152,1.2119,1.2141,3.1,0.03,
10/30/2023 13:00,1.21426,1.21483,1.2127,1.21377,-4.9,-0.04,
10/30/2023 12:00,1.21256,1.21447,1.212,1.21434,17.8,0.15,
10/30/2023 11:00,1.21226,1.21419,1.2119,1.21279,5.3,0.04,
10/30/2023 10:00,1.21279,1.21401,1.2119,1.21251,-2.8,-0.02,
10/30/2023 09:00,1.21043,1.2137,1.2102,1.2128,23.7,0.20,
10/30/2023 08:00,1.20974,1.21052,1.2089,1.21034,6.0,0.05,
10/30/2023 07:00,1.21294,1.21333,1.20918,1.20981,-31.3,-0.26,
10/30/2023 06:00,1.21136,1.2132,1.2112,1.2131,17.4,0.14,
10/30/2023 05:00,1.2115,1.2116,1.2111,1.21121,-2.9,-0.02,
10/30/2023 04:00,1.21191,1.2122,1.2114,1.21152,-3.9,-0.03,
10/30/2023 03:00,1.21117,1.2121,1.2111,1.2119,7.3,0.06,
10/30/2023 02:00,1.21126,1.21161,1.2109,1.21118,-0.8,-0.01,
10/30/2023 01:00,1.21101,1.2113,1.2105,1.21121,2.0,0.02,
10/30/2023 00:00,1.21123,1.21125,1.2105,1.21099,-2.4,-0.02,
10/29/2023 23:00,1.21161,1.21165,1.21096,1.21134,-2.7,-0.02,
10/29/2023 22:00,1.21229,1.21229,1.21153,1.21162,-6.7,-0.06,
10/29/2023 21:00,1.2121,1.21228,1.2121,1.21228,1.8,0.01,
10/27/2023 21:00,1.212,1.2132,1.2117,1.2124,4,0.03,
10/27/2023 20:00,1.21199,1.2127,1.21155,1.2122,2.1,0.02,
10/27/2023 19:00,1.21142,1.21201,1.2109,1.21198,5.6,0.05,
10/27/2023 18:00,1.21186,1.2125,1.211,1.21141,-4.5,-0.04,
10/27/2023 17:00,1.21317,1.2132,1.2112,1.21196,-12.1,-0.10,
10/27/2023 16:00,1.21499,1.21544,1.21289,1.21318,-18.1,-0.15,
10/27/2023 15:00,1.21441,1.2153,1.2134,1.21498,5.7,0.05,
10/27/2023 14:00,1.21426,1.21623,1.21231,1.21431,0.5,0.00,
10/27/2023 13:00,1.21311,1.2161,1.2128,1.21449,13.8,0.11,
10/27/2023 12:00,1.21085,1.21474,1.2105,1.2131,22.5,0.19,
10/27/2023 11:00,1.21237,1.21264,1.2104,1.21085,-15.2,-0.13,
10/27/2023 10:00,1.21364,1.21385,1.2118,1.21228,-13.6,-0.11,
10/27/2023 09:00,1.21278,1.2144,1.2124,1.21351,7.3,0.06,
10/27/2023 08:00,1.21189,1.213,1.211,1.21284,9.5,0.08,
10/27/2023 07:00,1.21208,1.21261,1.2111,1.2119,-1.8,-0.01,
10/27/2023 06:00,1.21365,1.21382,1.2113,1.21214,-15.1,-0.12,
10/27/2023 05:00,1.2137,1.2142,1.2132,1.2135,-2,-0.02,
10/27/2023 04:00,1.21336,1.2139,1.213,1.21368,3.2,0.03,
10/27/2023 03:00,1.21351,1.2138,1.2128,1.21338,-1.3,-0.01,
10/27/2023 02:00,1.2129,1.2139,1.2127,1.2135,6,0.05,
10/27/2023 01:00,1.21262,1.2133,1.21209,1.21279,1.7,0.01,
10/27/2023 00:00,1.2135,1.2137,1.2125,1.21262,-8.8,-0.07,
10/26/2023 23:00,1.21326,1.2139,1.21319,1.21345,1.9,0.02,
10/26/2023 22:00,1.2127,1.2135,1.2127,1.21325,5.5,0.05,
10/26/2023 21:00,1.2128,1.2132,1.212,1.21264,-1.6,-0.01,
10/26/2023 20:00,1.21207,1.2129,1.2116,1.2128,7.3,0.06,
10/26/2023 19:00,1.21346,1.21371,1.2118,1.21214,-13.2,-0.11,
10/26/2023 18:00,1.21281,1.21394,1.2125,1.21348,6.7,0.06,
10/26/2023 17:00,1.21043,1.21314,1.2102,1.2128,23.7,0.20,
10/26/2023 16:00,1.2111,1.21132,1.2096,1.2104,-7,-0.06,
10/26/2023 15:00,1.2127,1.21319,1.2103,1.21096,-17.4,-0.14,
10/26/2023 14:00,1.21204,1.2129,1.2102,1.21259,5.5,0.05,
10/26/2023 13:00,1.21247,1.2134,1.2106,1.21218,-2.9,-0.02,
10/26/2023 12:00,1.20854,1.21192,1.20745,1.21152,29.8,0.25,
10/26/2023 11:00,1.20754,1.20884,1.2074,1.20853,9.9,0.08,
10/26/2023 10:00,1.20892,1.20922,1.2073,1.20755,-13.7,-0.11,
10/26/2023 09:00,1.20791,1.20943,1.2073,1.20897,10.6,0.09,
10/26/2023 08:00,1.20892,1.20962,1.2078,1.20793,-9.9,-0.08,
10/26/2023 07:00,1.20758,1.2093,1.2073,1.20891,13.3,0.11,
10/26/2023 06:00,1.20786,1.20867,1.2068,1.20759,-2.7,-0.02,
10/26/2023 05:00,1.20786,1.2088,1.2074,1.20792,0.6,0.00,
10/26/2023 04:00,1.20795,1.2083,1.2078,1.20788,-0.7,-0.01,
10/26/2023 03:00,1.20816,1.2085,1.2075,1.20794,-2.2,-0.02,
10/26/2023 02:00,1.2093,1.2095,1.2078,1.20815,-11.5,-0.10,
10/26/2023 01:00,1.20895,1.21,1.2086,1.20931,3.6,0.03,
10/26/2023 00:00,1.21003,1.2105,1.2086,1.20902,-10.1,-0.08,
10/25/2023 23:00,1.21024,1.2103,1.20928,1.21004,-2.0,-0.02,
10/25/2023 22:00,1.2109,1.2111,1.20998,1.21012,-7.8,-0.06,
10/25/2023 21:00,1.21091,1.2115,1.21038,1.21089,-0.2,0.00,
10/25/2023 20:00,1.21123,1.2114,1.2105,1.21091,-3.2,-0.03,
10/25/2023 19:00,1.21159,1.212,1.211,1.21117,-4.2,-0.03,
10/25/2023 18:00,1.21207,1.2124,1.2112,1.21158,-4.9,-0.04,
10/25/2023 17:00,1.2127,1.21301,1.2112,1.21204,-6.6,-0.05,
10/25/2023 16:00,1.21378,1.21404,1.2121,1.21272,-10.6,-0.09,
10/25/2023 15:00,1.21416,1.21529,1.2136,1.21372,-4.4,-0.04,
10/25/2023 14:00,1.21328,1.21564,1.21252,1.21416,8.8,0.07,
10/25/2023 13:00,1.21305,1.21394,1.21222,1.21337,3.2,0.03,
10/25/2023 12:00,1.21183,1.2137,1.2115,1.21305,12.2,0.10,
10/25/2023 11:00,1.21233,1.2133,1.2113,1.21182,-5.1,-0.04,
10/25/2023 10:00,1.21198,1.21261,1.2113,1.21233,3.5,0.03,
10/25/2023 09:00,1.21383,1.2139,1.2112,1.21192,-19.1,-0.16,
10/25/2023 08:00,1.21408,1.2151,1.2132,1.21383,-2.5,-0.02,
10/25/2023 07:00,1.21611,1.21664,1.2136,1.21409,-20.2,-0.17,
10/25/2023 06:00,1.21693,1.21714,1.2158,1.21612,-8.1,-0.07,
10/25/2023 05:00,1.2174,1.2176,1.2164,1.2167,-7,-0.06,
10/25/2023 04:00,1.21703,1.2175,1.2169,1.21739,3.6,0.03,
10/25/2023 03:00,1.21723,1.2176,1.2168,1.2171,-1.3,-0.01,
10/25/2023 02:00,1.2168,1.2174,1.2166,1.21718,3.8,0.03,
10/25/2023 01:00,1.21657,1.2172,1.2162,1.21679,2.2,0.02,
10/25/2023 00:00,1.21621,1.21685,1.2159,1.21647,2.6,0.02,
10/24/2023 23:00,1.21597,1.2162,1.2157,1.21603,0.6,0.00,
10/24/2023 22:00,1.21588,1.2162,1.21528,1.21596,0.8,0.01,
10/24/2023 21:00,1.21585,1.2165,1.2156,1.21591,0.6,0.00,
10/24/2023 20:00,1.21627,1.2166,1.21559,1.21585,-4.2,-0.03,
10/24/2023 19:00,1.21609,1.21651,1.2157,1.21626,1.7,0.01,
10/24/2023 18:00,1.21622,1.21646,1.2154,1.2161,-1.2,-0.01,
10/24/2023 17:00,1.21583,1.21677,1.2157,1.21617,3.4,0.03,
10/24/2023 16:00,1.21673,1.2173,1.2152,1.21583,-9.0,-0.07,
10/24/2023 15:00,1.21778,1.21782,1.2157,1.2168,-9.8,-0.08,
10/24/2023 14:00,1.21873,1.21922,1.2166,1.21781,-9.2,-0.08,
10/24/2023 13:00,1.22034,1.22071,1.2171,1.2186,-17.4,-0.14,
10/24/2023 12:00,1.22192,1.2222,1.2196,1.22031,-16.1,-0.13,
10/24/2023 11:00,1.22116,1.22337,1.2209,1.2219,7.4,0.06,
10/24/2023 10:00,1.22405,1.22453,1.2209,1.22116,-28.9,-0.24,
10/24/2023 09:00,1.22634,1.22635,1.2239,1.22408,-22.6,-0.18,
10/24/2023 08:00,1.22623,1.2266,1.2242,1.22628,0.5,0.00,
10/24/2023 07:00,1.2285,1.2289,1.22578,1.22625,-22.5,-0.18,
10/24/2023 06:00,1.22709,1.22852,1.22614,1.22845,13.6,0.11,
10/24/2023 05:00,1.2264,1.2272,1.2261,1.22713,7.3,0.06,
10/24/2023 04:00,1.22644,1.2267,1.2261,1.22639,-0.5,0.00,
10/24/2023 03:00,1.22648,1.2267,1.22608,1.22643,-0.5,0.00,
10/24/2023 02:00,1.22527,1.2274,1.2249,1.2264,11.3,0.09,
10/24/2023 01:00,1.2254,1.22626,1.2247,1.22517,-2.3,-0.02,
10/24/2023 00:00,1.22486,1.2257,1.22459,1.22541,5.5,0.04,
10/23/2023 23:00,1.22468,1.2251,1.22449,1.22488,2.0,0.02,
10/23/2023 22:00,1.22442,1.22533,1.22435,1.22484,4.2,0.03,
10/23/2023 21:00,1.22463,1.225,1.2227,1.22446,-1.7,-0.01,
10/23/2023 20:00,1.22442,1.225,1.2242,1.2247,2.8,0.02,
10/23/2023 19:00,1.22547,1.2255,1.2236,1.22441,-10.6,-0.09,
10/23/2023 18:00,1.22453,1.2259,1.2243,1.22547,9.4,0.08,
10/23/2023 17:00,1.22337,1.2253,1.2226,1.22458,12.1,0.10,
10/23/2023 16:00,1.2231,1.22337,1.2219,1.22329,1.9,0.02,
10/23/2023 15:00,1.22073,1.2237,1.2204,1.22322,24.9,0.20,
10/23/2023 14:00,1.2173,1.22142,1.21708,1.2206,33,0.27,
10/23/2023 13:00,1.21642,1.21741,1.2149,1.21728,8.6,0.07,
10/23/2023 12:00,1.21698,1.21828,1.2156,1.21643,-5.5,-0.05,
10/23/2023 11:00,1.21545,1.21743,1.215,1.21697,15.2,0.12,
10/23/2023 10:00,1.2149,1.21579,1.2143,1.2153,4,0.03,
10/23/2023 09:00,1.21618,1.21723,1.21419,1.21489,-12.9,-0.11,
10/23/2023 08:00,1.21683,1.21848,1.2158,1.21615,-6.8,-0.06,
10/23/2023 07:00,1.21577,1.21711,1.2146,1.21683,10.6,0.09,
10/23/2023 06:00,1.21483,1.2167,1.2144,1.21578,9.5,0.08,
10/23/2023 05:00,1.21484,1.2154,1.2146,1.21481,-0.3,0.00,
10/23/2023 04:00,1.21465,1.215,1.2142,1.21485,2.0,0.02,
10/23/2023 03:00,1.21497,1.2156,1.2146,1.2149,-0.7,-0.01,
10/23/2023 02:00,1.21587,1.2161,1.2148,1.2149,-9.7,-0.08,
10/23/2023 01:00,1.21619,1.2162,1.21546,1.21579,-4.0,-0.03,
10/23/2023 00:00,1.21625,1.2164,1.2153,1.21609,-1.6,-0.01,
10/22/2023 23:00,1.21604,1.2166,1.21599,1.2161,0.6,0.00,
10/20/2023 21:00,1.21616,1.2162,1.2144,1.215,-11.6,-0.10,
10/20/2023 20:00,1.21599,1.2166,1.2158,1.2164,4.1,0.03,
10/20/2023 19:00,1.21566,1.2162,1.2151,1.21602,3.6,0.03,
10/20/2023 18:00,1.216,1.2162,1.2148,1.21567,-3.3,-0.03,
10/20/2023 17:00,1.2154,1.2171,1.2152,1.21613,7.3,0.06,
10/20/2023 16:00,1.21503,1.2155,1.2134,1.21531,2.8,0.02,
10/20/2023 15:00,1.21478,1.21596,1.2145,1.21502,2.4,0.02,
10/20/2023 14:00,1.21449,1.2159,1.213,1.21479,3.0,0.02,
10/20/2023 13:00,1.21406,1.21612,1.2136,1.21442,3.6,0.03,
10/20/2023 12:00,1.21405,1.21494,1.2119,1.21402,-0.3,0.00,
10/20/2023 11:00,1.21226,1.2146,1.2121,1.21403,17.7,0.15,
10/20/2023 10:00,1.21252,1.2133,1.2118,1.21226,-2.6,-0.02,
10/20/2023 09:00,1.21237,1.21294,1.2112,1.21262,2.5,0.02,
10/20/2023 08:00,1.21035,1.21268,1.2096,1.21238,20.3,0.17,
10/20/2023 07:00,1.21098,1.21172,1.2102,1.21035,-6.3,-0.05,
10/20/2023 06:00,1.21262,1.21262,1.2092,1.21094,-16.8,-0.14,
10/20/2023 05:00,1.21341,1.2138,1.2119,1.21251,-9.0,-0.07,
10/20/2023 04:00,1.21372,1.2138,1.2129,1.21328,-4.4,-0.04,
10/20/2023 03:00,1.21402,1.21441,1.2134,1.21361,-4.1,-0.03,
10/20/2023 02:00,1.21246,1.21424,1.2122,1.21401,15.5,0.13,
10/20/2023 01:00,1.21242,1.21277,1.2116,1.21257,1.5,0.01,
10/20/2023 00:00,1.21348,1.2137,1.21196,1.21243,-10.5,-0.09,
10/19/2023 23:00,1.21377,1.2141,1.21294,1.21346,-3.1,-0.03,
10/19/2023 22:00,1.21423,1.2145,1.21279,1.2139,-3.3,-0.03,
10/19/2023 21:00,1.2143,1.21455,1.2133,1.21411,-1.9,-0.02,
10/19/2023 20:00,1.21486,1.2149,1.2136,1.21429,-5.7,-0.05,
10/19/2023 19:00,1.21414,1.2153,1.214,1.21487,7.3,0.06,
10/19/2023 18:00,1.2167,1.21762,1.2137,1.21418,-25.2,-0.21,
10/19/2023 17:00,1.21742,1.21829,1.21476,1.21657,-8.5,-0.07,
10/19/2023 16:00,1.21425,1.2191,1.21244,1.21743,31.8,0.26,
10/19/2023 15:00,1.21432,1.21503,1.2139,1.2141,-2.2,-0.02,
10/19/2023 14:00,1.2145,1.21541,1.214,1.2142,-3,-0.02,
10/19/2023 13:00,1.21418,1.21623,1.21359,1.21452,3.4,0.03,
10/19/2023 12:00,1.21211,1.21445,1.2118,1.21414,20.3,0.17,
10/19/2023 11:00,1.21205,1.21262,1.2116,1.2121,0.5,0.00,
10/19/2023 10:00,1.21058,1.2122,1.2102,1.21199,14.1,0.12,
10/19/2023 09:00,1.21066,1.2108,1.2089,1.21059,-0.7,-0.01,
10/19/2023 08:00,1.2118,1.2125,1.2101,1.21067,-11.3,-0.09,
10/19/2023 07:00,1.21333,1.2145,1.2116,1.21179,-15.4,-0.13,
10/19/2023 06:00,1.21185,1.21382,1.211,1.21331,14.6,0.12,
10/19/2023 05:00,1.21246,1.2127,1.2117,1.21186,-6.0,-0.05,
10/19/2023 04:00,1.21271,1.213,1.2122,1.21253,-1.8,-0.01,
10/19/2023 03:00,1.21314,1.2136,1.2125,1.21262,-5.2,-0.04,
10/19/2023 02:00,1.21337,1.2138,1.213,1.21313,-2.4,-0.02,
10/19/2023 01:00,1.21402,1.2145,1.213,1.21336,-6.6,-0.05,
10/19/2023 00:00,1.21409,1.2146,1.21321,1.21402,-0.7,-0.01,
10/18/2023 23:00,1.2141,1.2144,1.21358,1.21409,-0.1,0.00,
10/18/2023 22:00,1.21405,1.2146,1.21372,1.2139,-1.5,-0.01,
10/18/2023 21:00,1.2139,1.2147,1.2137,1.2141,2,0.02,
10/18/2023 20:00,1.21399,1.2143,1.2136,1.21391,-0.8,-0.01,
10/18/2023 19:00,1.2144,1.2145,1.2136,1.21396,-4.4,-0.04,
10/18/2023 18:00,1.21655,1.21692,1.21426,1.21435,-22.0,-0.18,
10/18/2023 17:00,1.21526,1.2176,1.215,1.21654,12.8,0.11,
10/18/2023 16:00,1.21482,1.21533,1.2136,1.21527,4.5,0.04,
10/18/2023 15:00,1.21459,1.21538,1.214,1.21483,2.4,0.02,
10/18/2023 14:00,1.21668,1.21763,1.2137,1.2146,-20.8,-0.17,
10/18/2023 13:00,1.21755,1.21864,1.2163,1.21667,-8.8,-0.07,
10/18/2023 12:00,1.21888,1.22063,1.217,1.2175,-13.8,-0.11,
10/18/2023 11:00,1.21813,1.21984,1.2175,1.2189,7.7,0.06,
10/18/2023 10:00,1.21964,1.21986,1.2174,1.21814,-15.0,-0.12,
10/18/2023 09:00,1.21993,1.22105,1.219,1.21964,-2.9,-0.02,
10/18/2023 08:00,1.21896,1.22045,1.2177,1.21992,9.6,0.08,
10/18/2023 07:00,1.21935,1.2207,1.2188,1.21895,-4.0,-0.03,
10/18/2023 06:00,1.21824,1.2211,1.21809,1.21936,11.2,0.09,
10/18/2023 05:00,1.21798,1.2189,1.21765,1.21834,3.6,0.03,
10/18/2023 04:00,1.21749,1.2184,1.2173,1.21805,5.6,0.05,
10/18/2023 03:00,1.21753,1.218,1.2169,1.21748,-0.5,0.00,
10/18/2023 02:00,1.21658,1.21791,1.2165,1.21754,9.6,0.08,
10/18/2023 01:00,1.2162,1.2169,1.2157,1.21644,2.4,0.02,
10/18/2023 00:00,1.21779,1.218,1.2157,1.21614,-16.5,-0.14,
10/17/2023 23:00,1.21798,1.2181,1.21743,1.21769,-2.9,-0.02,
10/17/2023 22:00,1.21823,1.2186,1.21749,1.218,-2.3,-0.02,
10/17/2023 21:00,1.21816,1.2194,1.21757,1.21847,3.1,0.03,
10/17/2023 20:00,1.2184,1.2186,1.2177,1.2183,-1,-0.01,
10/17/2023 19:00,1.21741,1.2188,1.2172,1.21842,10.1,0.08,
10/17/2023 18:00,1.21724,1.2182,1.2169,1.21738,1.4,0.01,
10/17/2023 17:00,1.21914,1.21932,1.2169,1.21725,-18.9,-0.16,
10/17/2023 16:00,1.22036,1.2212,1.219,1.21914,-12.2,-0.10,
10/17/2023 15:00,1.21814,1.22037,1.2179,1.22035,22.1,0.18,
10/17/2023 14:00,1.21487,1.21948,1.2146,1.21814,32.7,0.27,
10/17/2023 13:00,1.2141,1.21606,1.2136,1.21485,7.5,0.06,
10/17/2023 12:00,1.21845,1.21869,1.2132,1.2141,-43.5,-0.36,
10/17/2023 11:00,1.21576,1.21909,1.2156,1.21846,27.0,0.22,
10/17/2023 10:00,1.2166,1.2174,1.2149,1.21571,-8.9,-0.07,
10/17/2023 09:00,1.21547,1.2168,1.215,1.21656,10.9,0.09,
10/17/2023 08:00,1.2176,1.2176,1.2148,1.21537,-22.3,-0.18,
10/17/2023 07:00,1.21693,1.2185,1.2163,1.21754,6.1,0.05,
10/17/2023 06:00,1.21932,1.2196,1.21647,1.21694,-23.8,-0.20,
10/17/2023 05:00,1.21957,1.2201,1.219,1.2194,-1.7,-0.01,
10/17/2023 04:00,1.22,1.2203,1.2193,1.21962,-3.8,-0.03,
10/17/2023 03:00,1.21981,1.2206,1.2197,1.22023,4.2,0.03,
10/17/2023 02:00,1.22019,1.2203,1.2191,1.21982,-3.7,-0.03,
10/17/2023 01:00,1.221,1.221,1.2197,1.22,-10,-0.08,
10/17/2023 00:00,1.22098,1.22155,1.2206,1.2209,-0.8,-0.01,
10/16/2023 23:00,1.2212,1.2214,1.22061,1.22098,-2.2,-0.02,
10/16/2023 22:00,1.2211,1.22161,1.22076,1.2212,1,0.01,
10/16/2023 21:00,1.22174,1.22174,1.2199,1.22095,-7.9,-0.06,
10/16/2023 20:00,1.22168,1.2219,1.2212,1.22174,0.6,0.00,
10/16/2023 19:00,1.22125,1.222,1.2207,1.2217,4.5,0.04,
10/16/2023 18:00,1.22142,1.2217,1.2209,1.22126,-1.6,-0.01,
10/16/2023 17:00,1.21995,1.2215,1.2196,1.22142,14.7,0.12,
10/16/2023 16:00,1.21961,1.2205,1.2189,1.21996,3.5,0.03,
10/16/2023 15:00,1.21884,1.21997,1.2186,1.21958,7.4,0.06,
10/16/2023 14:00,1.2161,1.21933,1.2152,1.2188,27,0.22,
10/16/2023 13:00,1.21762,1.2183,1.2158,1.21606,-15.6,-0.13,
10/16/2023 12:00,1.21779,1.21846,1.2164,1.21754,-2.5,-0.02,
10/16/2023 11:00,1.2151,1.21809,1.2145,1.21778,26.8,0.22,
10/16/2023 10:00,1.21461,1.21569,1.2142,1.21515,5.4,0.04,
10/16/2023 09:00,1.21588,1.21666,1.2144,1.21454,-13.4,-0.11,
10/16/2023 08:00,1.21743,1.2177,1.2151,1.21595,-14.8,-0.12,
10/16/2023 07:00,1.21686,1.2179,1.2161,1.21751,6.5,0.05,
10/16/2023 06:00,1.21659,1.2172,1.2161,1.21685,2.6,0.02,
10/16/2023 05:00,1.21596,1.2166,1.2156,1.2165,5.4,0.04,
10/16/2023 04:00,1.21549,1.2162,1.2152,1.21593,4.4,0.04,
10/16/2023 03:00,1.21557,1.2157,1.2149,1.21548,-0.9,-0.01,
10/16/2023 02:00,1.21526,1.2159,1.2149,1.21552,2.6,0.02,
10/16/2023 01:00,1.21462,1.2156,1.2145,1.2152,5.8,0.05,
10/16/2023 00:00,1.2154,1.2157,1.21439,1.21463,-7.7,-0.06,
10/15/2023 23:00,1.21491,1.21542,1.2147,1.21542,5.1,0.04,
10/13/2023 21:00,1.2149,1.2149,1.2116,1.2123,-26,-0.21,
10/13/2023 20:00,1.21398,1.2145,1.20435,1.2144,4.2,0.03,
10/13/2023 19:00,1.21353,1.21414,1.2133,1.21397,4.4,0.04,
10/13/2023 18:00,1.21322,1.21418,1.213,1.21351,2.9,0.02,
10/13/2023 17:00,1.21361,1.2138,1.2121,1.21322,-3.9,-0.03,
10/13/2023 16:00,1.2136,1.21464,1.2133,1.21362,0.2,0.00,
10/13/2023 15:00,1.21403,1.21437,1.213,1.2136,-4.3,-0.04,
10/13/2023 14:00,1.21711,1.2172,1.2133,1.21402,-30.9,-0.25,
10/13/2023 13:00,1.21882,1.21933,1.2162,1.21712,-17.0,-0.14,
10/13/2023 12:00,1.21843,1.22013,1.2173,1.21887,4.4,0.04,
10/13/2023 11:00,1.21671,1.21885,1.2159,1.21846,17.5,0.14,
10/13/2023 10:00,1.21913,1.21942,1.21669,1.21676,-23.7,-0.19,
10/13/2023 09:00,1.2212,1.22142,1.2185,1.21903,-21.7,-0.18,
10/13/2023 08:00,1.2211,1.22193,1.22059,1.22138,2.8,0.02,
10/13/2023 07:00,1.21873,1.22252,1.2185,1.22103,23.0,0.19,
10/13/2023 06:00,1.22053,1.22056,1.2184,1.21874,-17.9,-0.15,
10/13/2023 05:00,1.22019,1.2208,1.22,1.22044,2.5,0.02,
10/13/2023 04:00,1.22021,1.2205,1.21985,1.22019,-0.2,0.00,
10/13/2023 03:00,1.22032,1.2208,1.22,1.2202,-1.2,-0.01,
10/13/2023 02:00,1.21952,1.2205,1.2193,1.22041,8.9,0.07,
10/13/2023 01:00,1.21862,1.2197,1.2185,1.21951,8.9,0.07,
10/13/2023 00:00,1.21824,1.219,1.21815,1.2188,5.6,0.05,
10/12/2023 23:00,1.21783,1.2184,1.2176,1.2183,4.7,0.04,
10/12/2023 22:00,1.21792,1.2181,1.2173,1.21783,-0.9,-0.01,
10/12/2023 21:00,1.21742,1.2184,1.217,1.21794,5.2,0.04,
10/12/2023 20:00,1.21753,1.2177,1.2171,1.21742,-1.1,-0.01,
10/12/2023 19:00,1.21729,1.218,1.217,1.21751,2.2,0.02,
10/12/2023 18:00,1.21852,1.21882,1.2171,1.21729,-12.3,-0.10,
10/12/2023 17:00,1.22005,1.22018,1.2179,1.2185,-15.5,-0.13,
10/12/2023 16:00,1.2212,1.2224,1.2198,1.2199,-13,-0.11,
10/12/2023 15:00,1.22131,1.22217,1.22,1.22116,-1.5,-0.01,
10/12/2023 14:00,1.22327,1.22512,1.2211,1.22132,-19.5,-0.16,
10/12/2023 13:00,1.22614,1.227,1.22269,1.22319,-29.5,-0.24,
10/12/2023 12:00,1.23119,1.23147,1.225,1.22611,-50.8,-0.41,
10/12/2023 11:00,1.22944,1.23132,1.2292,1.23119,17.5,0.14,
10/12/2023 10:00,1.23,1.23047,1.2292,1.22935,-6.5,-0.05,
10/12/2023 09:00,1.22963,1.2303,1.2293,1.22995,3.2,0.03,
10/12/2023 08:00,1.22953,1.2309,1.22918,1.22962,0.9,0.01,
10/12/2023 07:00,1.23233,1.23235,1.2293,1.22953,-28.0,-0.23,
10/12/2023 06:00,1.23241,1.2332,1.2315,1.23236,-0.5,0.00,
10/12/2023 05:00,1.23188,1.2327,1.2315,1.23212,2.4,0.02,
10/12/2023 04:00,1.23168,1.2321,1.2314,1.23186,1.8,0.01,
10/12/2023 03:00,1.23146,1.2318,1.231,1.23168,2.2,0.02,
10/12/2023 02:00,1.23159,1.2321,1.23099,1.23147,-1.2,-0.01,
10/12/2023 01:00,1.23127,1.2323,1.231,1.23161,3.4,0.03,
10/12/2023 00:00,1.23146,1.23183,1.2309,1.23128,-1.8,-0.01,
10/11/2023 23:00,1.23125,1.2319,1.2311,1.23145,2.0,0.02,
10/11/2023 22:00,1.231,1.2314,1.2308,1.23118,1.8,0.01,
10/11/2023 21:00,1.23116,1.2314,1.2298,1.2311,-0.6,0.00,
10/11/2023 20:00,1.23084,1.2315,1.2306,1.23121,3.7,0.03,
10/11/2023 19:00,1.23038,1.2312,1.2303,1.23082,4.4,0.04,
10/11/2023 18:00,1.22843,1.23059,1.2284,1.23036,19.3,0.16,
10/11/2023 17:00,1.22958,1.22993,1.2273,1.22848,-11.0,-0.09,
10/11/2023 16:00,1.23009,1.2302,1.2287,1.22957,-5.2,-0.04,
10/11/2023 15:00,1.23121,1.23141,1.22919,1.2301,-11.1,-0.09,
10/11/2023 14:00,1.23304,1.23309,1.2307,1.23125,-17.9,-0.15,
10/11/2023 13:00,1.23124,1.23373,1.2302,1.23305,18.1,0.15,
10/11/2023 12:00,1.22895,1.2315,1.22671,1.23123,22.8,0.19,
10/11/2023 11:00,1.22915,1.22984,1.2283,1.22897,-1.8,-0.01,
10/11/2023 10:00,1.22849,1.22917,1.2279,1.22916,6.7,0.05,
10/11/2023 09:00,1.22804,1.22894,1.2272,1.22851,4.7,0.04,
10/11/2023 08:00,1.22761,1.22865,1.2269,1.22805,4.4,0.04,
10/11/2023 07:00,1.22861,1.23042,1.2269,1.22764,-9.7,-0.08,
10/11/2023 06:00,1.22864,1.22994,1.2282,1.22862,-0.2,0.00,
10/11/2023 05:00,1.22922,1.22969,1.2283,1.2285,-7.2,-0.06,
10/11/2023 04:00,1.22915,1.2296,1.2287,1.22917,0.2,0.00,
10/11/2023 03:00,1.22947,1.2296,1.2288,1.22922,-2.5,-0.02,
10/11/2023 02:00,1.2296,1.22974,1.2289,1.22955,-0.5,0.00,
10/11/2023 01:00,1.22986,1.2301,1.2286,1.22968,-1.8,-0.01,
10/11/2023 00:00,1.22885,1.2304,1.2287,1.22983,9.8,0.08,
10/10/2023 23:00,1.22868,1.2295,1.2285,1.2288,1.2,0.01,
10/10/2023 22:00,1.22826,1.2288,1.22814,1.2287,4.4,0.04,
10/10/2023 21:00,1.22844,1.22968,1.22467,1.22828,-1.6,-0.01,
10/10/2023 20:00,1.22842,1.2289,1.2282,1.22844,0.2,0.00,
10/10/2023 19:00,1.22794,1.2287,1.2271,1.22839,4.5,0.04,
10/10/2023 18:00,1.2271,1.228,1.2267,1.22797,8.7,0.07,
10/10/2023 17:00,1.22906,1.22913,1.22635,1.22707,-19.9,-0.16,
10/10/2023 16:00,1.22866,1.22916,1.2277,1.22907,4.1,0.03,
10/10/2023 15:00,1.22574,1.22885,1.2256,1.22865,29.1,0.24,
10/10/2023 14:00,1.22513,1.2267,1.2249,1.22574,6.1,0.05,
10/10/2023 13:00,1.22494,1.22536,1.2237,1.2251,1.6,0.01,
10/10/2023 12:00,1.22398,1.22553,1.2237,1.22493,9.5,0.08,
10/10/2023 11:00,1.22575,1.2258,1.2234,1.22398,-17.7,-0.14,
10/10/2023 10:00,1.22659,1.22755,1.2254,1.22575,-8.4,-0.07,
10/10/2023 09:00,1.22703,1.22758,1.22498,1.22663,-4.0,-0.03,
10/10/2023 08:00,1.2231,1.22756,1.2223,1.2271,40,0.33,
10/10/2023 07:00,1.22208,1.22341,1.22103,1.22308,10.0,0.08,
10/10/2023 06:00,1.22267,1.2236,1.2215,1.22206,-6.1,-0.05,
10/10/2023 05:00,1.22261,1.2233,1.2221,1.22257,-0.4,0.00,
10/10/2023 04:00,1.22359,1.2237,1.22234,1.22255,-10.4,-0.09,
10/10/2023 03:00,1.22355,1.224,1.2233,1.22358,0.3,0.00,
10/10/2023 02:00,1.22437,1.2247,1.2234,1.22365,-7.2,-0.06,
10/10/2023 01:00,1.22469,1.2257,1.224,1.2243,-3.9,-0.03,
10/10/2023 00:00,1.22486,1.2255,1.2241,1.22464,-2.2,-0.02,
10/09/2023 23:00,1.2239,1.2252,1.2236,1.2248,9,0.07,
10/09/2023 22:00,1.22362,1.2243,1.2234,1.2241,4.8,0.04,
10/09/2023 21:00,1.22368,1.2242,1.2228,1.2237,0.2,0.00,
